CELL,NEIGHBOR
1,8
1,850
2,691
3,106
4,978
5,353
5,736
5,758
5,869
5,896
6,91
6,507
6,987
6,991
7,159
7,442
7,507
8,1
8,850
9,298
9,639
10,656
10,991
11,199
11,373
11,686
11,736
11,758
11,926
12,50
12,288
12,388
12,389
13,33
13,126
13,397
13,748
14,22
14,24
14,279
14,383
14,581
14,628
15,33
15,94
15,263
15,407
16,260
16,304
16,421
16,448
17,264
17,364
17,393
17,439
17,532
18,347
19,726
20,569
20,636
20,816
21,53
21,93
21,154
21,179
22,14
22,216
22,726
22,741
22,979
23,54
23,400
23,519
23,980
24,14
24,68
24,237
24,318
24,575
24,581
25,204
25,726
25,915
26,398
26,400
26,602
26,723
26,735
26,754
27,41
27,95
27,120
27,368
27,497
28,981
29,148
29,159
29,378
29,529
29,578
30,588
30,650
31,232
31,682
32,39
32,349
32,499
32,728
32,739
33,13
33,15
33,628
33,712
34,66
34,379
34,572
34,583
35,75
35,162
35,797
36,103
36,138
36,219
36,490
36,810
36,921
37,298
37,639
37,669
37,994
38,45
38,126
38,265
38,284
38,627
38,637
39,32
39,499
40,216
40,437
40,741
40,822
41,27
41,120
41,208
41,302
41,497
42,215
42,285
42,289
42,531
42,770
42,815
43,78
43,123
43,558
44,107
44,380
44,788
44,805
44,978
44,997
45,38
45,68
45,291
46,135
46,304
46,421
47,203
47,226
47,534
47,604
47,663
47,761
48,162
48,187
48,338
48,548
48,662
48,797
49,51
49,84
49,276
49,994
50,12
50,288
50,293
50,388
50,389
51,49
51,84
51,1000
52,352
52,460
53,21
53,93
54,23
54,351
54,484
54,980
55,335
55,532
55,738
55,751
56,179
56,380
57,69
57,234
57,261
57,316
57,405
57,527
58,361
58,413
58,466
58,481
58,922
58,929
59,209
59,495
59,736
59,758
59,809
59,880
60,202
60,226
60,604
61,62
61,301
61,328
61,514
61,564
61,672
62,61
62,301
62,328
62,514
62,564
62,672
63,393
63,485
63,541
63,567
63,719
63,721
64,309
64,568
64,645
64,814
65,518
65,647
65,676
66,34
66,379
66,567
66,572
66,583
66,981
67,238
67,245
67,648
67,694
67,835
68,24
68,45
68,126
68,730
69,57
69,293
69,368
69,525
69,533
69,660
70,221
70,353
70,371
70,809
71,192
71,435
71,666
71,881
72,136
72,240
72,254
72,915
73,109
73,142
73,194
73,432
74,132
74,146
74,306
74,713
74,796
75,35
75,162
75,797
76,107
76,124
76,329
76,469
76,620
76,997
77,134
77,157
77,987
77,991
78,43
78,123
78,255
78,331
78,558
78,638
79,103
79,178
79,242
79,651
79,921
80,114
80,181
80,620
81,137
81,268
81,273
81,295
81,1000
82,100
82,217
82,320
82,505
82,587
83,150
83,168
83,334
83,420
83,689
83,759
84,49
84,51
84,302
85,173
85,228
85,482
85,562
85,755
86,207
86,295
86,401
86,415
86,489
86,545
87,307
87,612
87,742
87,860
88,144
88,172
88,326
89,99
89,197
89,350
89,594
89,600
89,659
90,337
90,382
90,438
90,680
90,849
90,932
91,6
91,442
91,473
91,507
91,647
91,656
92,290
92,443
92,542
92,839
92,985
93,21
93,53
93,154
93,454
94,15
94,204
94,358
94,437
94,744
94,822
95,27
95,261
95,368
95,487
96,291
96,318
96,423
96,511
96,575
96,696
97,105
97,164
97,855
97,908
98,133
98,224
98,251
98,351
98,425
98,735
99,89
99,573
99,679
99,773
99,793
99,840
100,82
100,268
100,273
101,108
101,115
101,136
101,712
101,745
101,748
102,282
102,357
102,516
102,571
102,750
102,856
103,36
103,79
103,138
103,457
103,651
103,921
104,169
104,249
104,381
104,613
104,839
105,97
105,164
105,431
105,892
105,899
105,908
106,3
106,609
106,764
107,44
107,76
107,341
107,805
107,988
107,997
108,101
108,136
108,227
108,471
108,819
108,877
109,73
109,142
109,194
109,376
109,649
109,884
110,275
110,447
110,494
110,698
110,878
110,910
111,163
111,174
111,269
111,374
111,697
111,727
112,180
112,340
112,409
112,416
112,522
112,838
113,143
113,210
113,339
113,901
114,80
114,158
114,181
114,508
114,620
115,101
115,126
115,188
115,227
115,397
115,621
116,132
116,165
116,180
116,228
116,336
116,524
117,176
117,303
117,606
117,775
117,857
117,985
118,191
118,202
118,207
118,217
118,268
118,710
119,702
119,890
120,27
120,41
120,208
120,468
120,497
121,434
121,499
121,512
121,554
121,785
122,312
122,503
122,538
122,610
122,769
122,889
123,43
123,78
123,275
123,447
123,558
123,829
124,76
124,500
124,504
124,508
124,692
125,139
125,363
125,586
125,701
126,13
126,38
126,68
126,115
126,397
126,637
127,537
127,818
128,418
128,762
128,830
128,990
129,243
129,294
129,427
129,448
129,848
130,147
130,430
130,529
130,629
130,653
130,705
131,278
131,386
131,542
131,808
131,876
132,74
132,116
132,272
132,339
132,588
132,826
133,98
133,185
133,251
133,253
133,598
133,643
134,77
134,157
134,987
134,991
135,46
135,304
135,421
136,72
136,101
136,108
136,247
136,530
136,804
137,81
137,268
137,295
137,415
137,582
137,704
138,36
138,103
139,125
139,363
139,586
139,690
139,701
139,992
140,337
140,362
140,687
140,792
140,849
141,747
141,912
142,73
142,109
142,194
142,213
142,432
142,930
143,113
143,210
143,339
144,88
144,172
144,326
144,685
144,688
144,854
145,151
145,260
145,542
145,624
145,632
145,677
146,74
146,282
146,357
146,491
146,675
146,826
147,130
147,255
147,300
147,367
147,629
147,638
148,29
148,255
148,910
149,401
149,505
149,551
149,644
149,669
149,898
150,83
150,420
150,603
150,623
150,673
150,794
151,145
151,155
151,304
151,421
151,555
151,632
152,241
152,305
152,451
152,479
152,659
152,811
153,238
153,245
153,252
153,422
153,528
153,694
154,21
154,93
154,454
155,151
155,243
155,417
155,555
155,632
155,864
156,231
156,475
156,485
156,503
156,842
157,77
157,134
157,517
157,987
158,114
158,181
158,543
158,620
158,982
158,997
159,7
159,29
159,346
159,410
159,749
159,909
160,450
160,983
160,990
161,440
161,483
161,793
161,875
162,35
162,48
162,75
162,187
162,506
163,111
163,408
163,412
163,590
163,727
163,918
164,97
164,105
164,461
164,855
164,892
165,116
165,345
165,517
165,518
165,987
165,991
166,193
166,296
166,327
166,347
166,642
166,995
167,281
167,387
167,470
167,559
167,565
167,847
168,83
168,334
168,420
168,689
168,759
169,104
169,434
169,488
169,580
169,714
170,665
170,685
170,688
170,695
170,745
170,804
171,359
171,433
171,478
171,481
171,616
171,657
172,88
172,144
172,259
172,326
172,437
172,490
173,85
173,482
173,563
173,584
173,661
173,755
174,111
174,244
174,374
174,412
174,511
174,697
175,281
175,309
175,406
175,462
175,470
175,784
176,117
176,303
176,399
176,570
176,679
176,800
177,248
177,569
177,636
177,791
177,851
177,874
178,79
178,467
178,490
178,810
178,854
178,998
179,21
179,56
180,112
180,116
180,336
180,340
180,838
180,995
181,80
181,114
181,158
181,469
181,508
181,982
182,235
182,250
182,351
182,404
182,599
183,299
183,617
183,859
183,889
183,984
183,986
184,217
184,239
184,344
184,355
184,402
184,753
185,133
185,250
185,253
185,404
185,643
185,766
186,363
186,683
186,690
186,812
186,936
186,992
187,48
187,162
187,291
187,358
187,662
187,828
188,115
188,605
188,609
188,696
188,887
188,921
189,270
189,354
189,378
189,449
189,760
189,770
190,196
190,502
190,882
191,118
191,691
191,758
191,994
191,1000
192,71
192,257
192,297
192,332
193,166
193,293
193,395
193,452
193,642
193,995
194,73
194,109
194,142
195,460
195,549
195,812
196,190
196,257
196,502
196,504
196,692
196,882
197,89
197,350
197,414
197,580
197,594
197,618
198,517
198,578
198,646
198,743
198,786
198,909
199,11
199,348
199,373
199,649
199,736
199,926
200,233
200,310
200,372
200,428
200,553
200,985
201,230
201,520
201,536
201,756
202,60
202,118
202,212
202,226
202,344
202,537
203,47
203,226
203,534
203,579
203,663
203,986
204,25
204,94
204,383
204,411
204,619
204,804
205,246
205,336
205,584
205,680
205,703
205,771
206,302
206,317
207,86
207,118
207,415
207,489
207,592
207,710
208,41
208,120
208,317
208,487
208,782
208,902
209,59
209,498
209,510
210,113
210,143
210,387
211,458
211,516
211,552
211,571
211,750
212,202
212,537
212,608
212,675
212,818
212,856
213,142
213,328
213,649
213,664
213,884
213,905
214,521
214,673
214,794
214,1000
215,42
215,296
215,378
215,531
215,561
215,815
216,22
216,40
216,467
216,979
217,82
217,118
217,184
217,551
217,611
217,753
218,358
218,822
219,36
219,490
220,231
220,264
220,335
220,427
220,474
220,699
221,70
221,353
221,371
222,521
222,614
222,617
222,717
222,794
222,824
223,283
223,326
223,530
223,688
223,712
223,725
224,98
224,235
224,425
225,400
225,475
225,519
225,541
225,715
225,886
226,47
226,60
226,202
226,203
226,604
227,108
227,115
227,609
227,706
227,819
227,877
228,85
228,116
228,336
228,362
228,755
228,861
229,352
229,363
229,549
229,701
229,812
229,936
230,201
230,232
230,416
230,520
230,756
231,156
231,220
231,370
231,503
231,841
232,31
232,230
232,518
232,520
232,682
232,780
233,200
233,256
233,428
233,464
233,553
233,985
234,57
234,405
234,487
234,527
234,536
234,631
235,182
235,224
235,398
236,271
236,410
236,438
236,576
236,716
236,862
237,24
237,240
237,254
237,407
238,67
238,153
238,376
238,394
238,648
238,927
239,184
239,355
239,689
239,702
239,761
239,890
240,72
240,237
240,254
240,279
240,407
240,915
241,152
241,305
241,479
241,590
241,789
242,79
242,457
242,609
243,129
243,155
243,448
243,555
243,711
243,864
244,174
244,607
244,697
244,731
244,857
244,870
245,67
245,153
245,528
245,694
245,808
245,924
246,205
246,337
246,563
246,771
246,792
246,861
247,136
247,326
247,688
247,725
248,177
248,478
248,569
248,636
248,704
248,851
249,104
249,381
249,515
249,613
249,785
249,839
250,182
250,185
250,404
250,723
251,98
251,133
251,253
251,425
251,484
251,766
252,153
252,278
252,386
252,622
252,789
252,802
253,133
253,185
253,251
253,484
253,643
254,72
254,237
254,240
254,628
254,741
254,915
255,78
255,147
255,148
255,300
255,367
255,558
256,233
256,428
256,464
257,192
257,196
257,329
257,469
257,492
257,502
258,281
258,309
258,380
258,406
258,654
258,784
259,172
259,490
259,665
259,695
259,819
259,854
260,16
260,145
260,304
260,546
260,677
260,711
261,57
261,95
261,487
261,702
261,782
261,890
262,369
262,633
262,652
262,825
263,15
263,423
263,744
263,828
264,17
264,220
264,393
264,439
264,699
264,841
265,38
265,662
265,850
266,277
266,369
266,591
266,690
266,768
266,872
267,668
267,788
267,978
268,81
268,100
268,118
268,137
268,273
269,111
269,606
269,679
269,775
269,802
269,857
270,189
270,354
270,378
270,449
270,770
271,236
271,289
271,323
271,418
271,438
271,893
272,132
272,339
272,496
272,757
272,826
272,901
273,81
273,100
273,268
273,644
273,753
274,390
274,395
274,452
274,536
274,682
274,987
275,110
275,123
275,367
275,878
276,49
276,614
276,717
276,1000
277,266
277,369
277,495
277,768
277,778
277,894
278,131
278,252
278,290
278,386
278,436
278,590
279,14
279,240
279,338
279,383
279,407
279,581
280,298
280,501
280,550
280,587
280,639
280,722
281,167
281,175
281,258
281,309
281,470
281,978
282,102
282,146
282,516
282,571
282,750
282,916
283,223
283,397
283,621
283,637
283,712
283,804
284,38
284,621
284,637
284,688
284,887
284,921
285,42
285,325
285,392
285,502
285,762
285,879
286,349
286,459
286,728
286,914
287,434
287,474
287,554
287,699
287,720
287,772
288,12
288,50
288,388
288,389
288,390
289,42
289,271
289,313
289,323
289,815
290,92
290,278
290,443
290,573
290,839
291,45
291,96
291,187
291,358
291,506
291,696
292,468
292,525
292,660
292,724
292,837
292,999
293,50
293,69
293,193
293,389
293,395
293,642
294,129
294,427
294,448
294,474
294,711
294,897
295,81
295,86
295,137
295,545
295,557
295,801
296,166
296,215
296,327
296,430
296,529
296,995
297,192
297,311
297,332
297,492
297,513
297,881
298,9
298,37
298,280
298,489
298,639
299,183
299,424
299,603
299,617
299,859
299,984
300,147
300,255
300,331
300,447
300,638
301,61
301,62
301,456
301,615
301,873
301,933
302,41
302,84
302,206
302,317
302,761
302,986
303,117
303,176
303,570
303,600
303,775
304,16
304,46
304,135
304,151
304,260
304,421
305,152
305,241
305,590
305,624
305,711
305,808
306,74
306,391
306,645
306,750
306,757
306,796
307,87
307,385
307,523
307,860
307,900
307,919
308,466
308,478
308,493
308,569
308,851
308,858
309,64
309,175
309,258
309,281
309,645
309,784
310,200
310,372
310,374
310,553
310,606
310,985
311,297
311,362
311,453
311,500
311,882
311,917
312,122
312,475
312,610
312,889
312,980
312,996
313,289
313,323
313,449
313,832
313,932
314,471
314,637
314,651
314,712
314,725
314,887
315,321
315,404
315,539
315,630
315,733
316,57
316,345
316,631
316,658
316,756
316,781
317,206
317,208
317,302
317,368
317,824
318,24
318,96
318,511
318,575
318,605
318,696
319,349
319,459
319,499
319,728
319,843
319,914
320,82
320,501
320,587
321,315
321,484
321,598
321,733
321,766
322,468
322,497
322,533
322,781
322,782
322,790
323,271
323,289
323,313
323,392
323,832
323,879
324,465
324,544
324,578
324,646
324,743
324,786
325,285
325,392
325,504
325,762
325,815
325,982
326,88
326,144
326,172
326,223
326,247
326,745
327,166
327,296
327,642
327,698
327,820
327,833
328,61
328,62
328,213
328,514
328,649
328,664
329,76
329,257
329,332
329,380
329,492
329,805
330,333
330,626
330,707
330,737
330,868
331,78
331,300
331,410
331,629
331,640
331,674
332,192
332,297
332,329
332,492
332,513
332,654
333,330
333,585
333,671
333,707
333,790
333,928
334,83
334,168
334,420
334,501
334,689
334,759
335,55
335,220
335,431
335,678
335,704
335,866
336,116
336,180
336,205
336,228
336,524
337,90
337,140
337,246
337,441
337,465
337,687
338,48
338,279
338,423
338,471
338,548
338,764
339,113
339,132
339,143
339,272
339,826
339,901
340,112
340,180
340,382
340,416
340,522
340,838
341,107
341,805
341,988
342,414
342,590
342,600
342,607
342,659
342,802
343,387
343,406
343,455
343,462
343,568
343,666
344,184
344,202
344,356
344,611
344,691
344,898
345,165
345,316
345,409
345,658
345,756
345,782
346,159
346,410
346,442
346,473
346,656
346,749
347,18
347,166
347,430
348,199
348,371
348,419
348,686
348,709
348,930
349,32
349,286
349,319
349,728
349,914
350,89
350,197
350,570
350,594
350,775
350,840
351,54
351,98
351,182
351,425
351,539
351,980
352,52
352,229
352,549
353,5
353,70
353,221
353,809
353,896
354,189
354,270
354,378
354,989
355,184
355,239
355,356
355,402
355,898
356,344
356,355
356,402
356,551
356,644
356,898
357,102
357,146
357,516
357,608
357,818
357,856
358,94
358,187
358,218
358,291
358,619
358,634
359,171
359,413
359,481
359,597
359,657
359,827
360,547
360,560
360,684
360,752
360,765
360,791
361,58
361,413
361,657
361,747
361,763
361,801
362,140
362,228
362,311
362,453
362,500
362,792
363,125
363,139
363,186
363,229
363,586
363,936
364,17
364,393
364,439
364,485
364,503
364,715
365,588
365,596
365,693
365,713
365,826
365,853
366,403
366,709
366,798
366,869
367,147
367,255
367,275
367,558
367,749
368,27
368,69
368,95
368,317
368,525
368,533
369,262
369,266
369,277
369,445
369,686
369,834
370,231
370,439
370,538
370,700
370,751
370,841
371,70
371,221
371,348
371,510
371,591
371,616
372,200
372,310
372,374
372,553
373,11
373,199
373,419
373,736
373,758
373,926
374,111
374,174
374,310
374,372
374,412
374,727
375,377
375,491
375,533
375,641
375,658
375,670
376,109
376,238
376,394
376,422
376,649
376,923
377,375
377,491
377,608
377,650
377,670
377,675
378,29
378,189
378,215
378,270
378,354
378,989
379,34
379,66
379,567
379,572
379,583
379,981
380,44
380,56
380,258
380,329
380,469
380,788
381,104
381,249
381,515
381,601
381,831
381,845
382,90
382,340
382,438
382,522
382,885
382,932
383,14
383,204
383,279
383,634
383,726
383,744
384,628
384,744
385,307
385,523
385,742
385,860
385,900
385,911
386,131
386,252
386,278
386,422
386,528
386,577
387,167
387,210
387,343
387,470
387,565
387,847
388,12
388,50
388,288
388,389
388,390
388,718
389,12
389,50
389,288
389,293
389,388
389,390
390,274
390,288
390,388
390,389
390,395
390,631
391,306
391,552
391,612
391,693
391,713
391,757
392,285
392,323
392,325
392,762
392,879
392,982
393,17
393,63
393,264
393,364
393,439
393,719
394,238
394,376
394,697
394,863
394,924
395,193
395,274
395,293
395,390
395,536
395,642
396,476
396,544
396,716
396,885
397,13
397,115
397,126
397,283
397,748
397,887
398,26
398,235
398,602
398,723
398,754
398,903
399,176
399,573
399,731
399,800
399,840
399,875
400,23
400,26
400,225
400,519
400,754
400,886
401,86
401,149
401,505
401,644
401,708
401,984
402,184
402,355
402,356
402,550
402,611
402,722
403,366
403,446
403,509
403,540
403,798
403,873
404,182
404,185
404,250
404,315
404,599
404,630
405,57
405,234
405,525
405,527
405,718
405,902
406,175
406,258
406,343
406,455
406,462
406,814
407,15
407,237
407,240
407,279
407,581
407,730
408,163
408,412
408,727
408,741
408,918
409,112
409,345
409,658
409,838
410,159
410,236
410,331
410,346
410,640
410,829
411,204
411,428
411,619
411,706
411,726
411,979
412,163
412,174
412,374
412,408
412,606
412,727
413,58
413,359
413,361
413,481
413,657
413,801
414,197
414,342
414,546
414,594
414,677
414,811
415,86
415,137
415,207
415,489
415,582
415,738
416,112
416,230
416,340
416,756
416,838
416,885
417,155
417,436
417,574
417,632
417,635
417,864
418,128
418,271
418,449
418,450
418,830
418,990
419,348
419,373
419,597
419,652
419,709
420,83
420,150
420,168
420,334
420,689
420,759
421,16
421,46
421,135
421,151
421,304
421,555
422,153
422,376
422,386
422,577
422,618
422,622
423,96
423,263
423,338
423,548
423,764
423,828
424,299
424,603
424,663
424,708
424,859
425,98
425,224
425,251
425,351
425,539
425,735
426,637
426,797
426,877
427,129
427,220
427,294
427,474
427,699
427,848
428,200
428,233
428,256
428,411
428,464
428,985
429,433
429,593
429,806
429,906
430,130
430,296
430,347
430,674
430,705
430,989
431,105
431,335
431,547
431,560
431,787
431,866
432,73
432,142
432,486
432,865
432,876
432,884
433,171
433,429
433,478
433,510
433,657
433,906
434,121
434,169
434,287
434,488
434,512
434,720
435,71
435,453
435,666
435,755
435,767
435,774
436,278
436,417
436,574
436,607
436,635
437,40
437,94
437,172
437,822
438,90
438,236
438,271
438,382
438,716
438,862
439,17
439,264
439,364
439,370
439,393
439,841
440,161
440,463
440,483
440,793
440,831
440,895
441,337
441,771
441,776
441,792
441,844
441,849
442,7
442,91
442,346
442,473
442,507
442,909
443,92
443,290
443,839
444,559
444,565
444,746
444,783
444,807
444,904
445,369
445,495
445,597
445,633
445,655
445,834
446,403
446,540
446,664
446,779
446,795
446,873
447,110
447,123
447,300
447,698
447,829
448,16
448,129
448,243
448,294
448,555
449,189
449,270
449,313
449,418
449,729
449,760
450,160
450,418
450,832
450,913
450,990
451,152
451,811
451,813
451,846
451,871
451,927
452,193
452,274
452,520
452,676
452,786
453,311
453,362
453,435
453,562
453,661
453,861
454,93
454,154
454,473
454,480
454,647
454,656
455,343
455,406
455,556
455,595
455,784
455,814
456,301
456,461
456,615
456,678
456,873
456,908
457,103
457,242
457,621
457,627
457,651
457,887
458,211
458,472
458,683
458,707
458,912
458,916
459,286
459,319
459,719
459,740
459,843
460,52
460,195
460,549
461,164
461,456
461,615
461,848
461,855
461,892
462,175
462,343
462,406
462,513
462,814
462,881
463,440
463,488
463,546
463,803
463,831
463,895
464,233
464,256
464,428
464,553
464,741
464,918
465,324
465,337
465,531
465,561
465,640
466,58
466,308
466,493
466,858
466,880
466,894
467,178
467,216
468,120
468,292
468,322
468,533
468,660
468,724
469,76
469,181
469,257
469,380
469,500
470,167
470,175
470,281
470,387
470,645
470,911
471,108
471,314
471,338
471,609
471,695
471,854
472,458
472,626
472,683
472,868
472,912
472,928
473,91
473,346
473,442
473,454
473,507
473,656
474,220
474,287
474,294
474,427
474,699
474,897
475,156
475,225
475,312
475,485
475,842
475,934
476,396
476,480
476,544
476,716
476,885
477,560
477,566
477,671
477,684
477,752
477,765
478,171
478,248
478,308
478,433
478,493
478,851
479,152
479,241
479,580
479,607
479,635
479,681
480,454
480,476
480,544
480,647
480,743
480,780
481,58
481,171
481,359
481,413
481,593
481,657
482,85
482,173
482,562
482,661
483,161
483,440
483,800
483,840
483,875
483,895
484,54
484,251
484,253
484,321
484,766
484,899
485,63
485,156
485,364
485,475
485,721
485,934
486,432
486,526
486,589
486,777
486,795
486,852
487,95
487,208
487,234
487,261
487,782
487,902
488,169
488,434
488,463
488,601
488,731
488,888
489,86
489,207
489,298
489,415
489,545
489,551
490,36
490,172
490,178
490,219
490,259
490,921
491,146
491,375
491,377
491,641
491,675
491,703
492,257
492,297
492,329
492,332
492,595
492,654
493,308
493,466
493,478
493,858
493,906
493,929
494,110
494,561
494,629
494,653
494,833
494,910
495,59
495,277
495,445
495,778
495,880
495,894
496,272
496,565
496,588
496,596
496,666
496,767
497,27
497,41
497,120
497,322
497,790
497,902
498,209
498,510
498,593
498,761
498,922
498,929
499,32
499,39
499,121
499,319
499,728
499,739
500,124
500,311
500,362
500,469
500,792
501,280
501,320
501,334
501,550
501,587
502,190
502,196
502,257
502,285
502,762
502,882
503,122
503,156
503,231
503,364
503,715
503,734
504,124
504,196
504,325
504,508
504,543
504,692
505,82
505,149
505,401
505,551
505,722
506,162
506,291
507,6
507,7
507,91
507,442
507,473
508,114
508,124
508,181
508,504
508,543
508,692
509,403
509,593
509,678
510,209
510,371
510,433
510,498
510,652
510,880
511,96
511,174
511,318
511,575
511,696
511,697
512,121
512,434
512,554
512,739
512,740
512,843
513,297
513,332
513,462
513,556
513,654
513,881
514,61
514,62
514,328
514,564
514,664
514,672
515,249
515,381
515,601
515,831
515,845
515,895
516,102
516,211
516,282
516,357
516,750
516,757
517,157
517,165
517,198
517,518
517,749
517,991
518,65
518,165
518,232
518,517
518,676
518,682
519,23
519,225
519,400
519,610
519,886
519,980
520,201
520,230
520,232
520,452
520,682
520,780
521,214
521,222
521,673
521,717
521,794
521,986
522,112
522,340
522,382
522,838
522,885
522,995
523,307
523,385
523,836
523,860
523,900
523,919
524,116
524,336
524,584
524,588
524,650
524,670
525,69
525,292
525,368
525,405
525,660
525,837
526,486
526,589
526,664
526,779
526,795
527,57
527,234
527,405
527,663
527,718
527,781
528,153
528,245
528,386
528,577
528,648
528,863
529,29
529,130
529,296
529,833
529,837
529,910
530,136
530,223
530,628
530,915
531,42
531,215
531,465
531,561
531,729
531,815
532,17
532,55
532,738
532,751
532,816
532,841
533,69
533,322
533,368
533,375
533,468
533,724
534,47
534,203
534,604
534,790
534,925
534,928
535,572
535,700
535,734
535,886
535,903
535,934
536,201
536,234
536,274
536,395
536,631
536,718
537,127
537,202
537,212
537,782
537,818
537,925
538,122
538,370
538,700
538,751
538,769
538,889
539,315
539,351
539,425
539,599
539,735
539,754
540,403
540,446
540,564
540,777
540,795
540,798
541,63
541,225
541,715
541,719
541,721
541,886
542,92
542,131
542,145
542,618
542,624
542,891
543,158
543,504
543,508
543,692
543,982
543,997
544,324
544,396
544,476
544,480
544,716
544,780
545,86
545,295
545,489
545,582
545,592
545,708
546,260
546,414
546,463
546,677
546,711
546,720
547,360
547,431
547,560
547,684
547,791
548,48
548,338
548,423
548,605
548,797
548,828
549,195
549,229
549,352
549,460
549,586
549,992
550,280
550,402
550,501
550,587
550,611
550,722
551,149
551,217
551,356
551,489
551,505
551,708
552,211
552,391
552,612
552,683
552,774
552,978
553,200
553,233
553,310
553,372
553,464
553,918
554,121
554,287
554,512
554,613
554,772
554,785
555,151
555,155
555,243
555,421
555,448
555,615
556,455
556,513
556,595
556,596
556,847
556,881
557,295
557,655
557,801
557,813
557,821
557,823
558,43
558,78
558,123
558,255
558,367
558,638
559,167
559,444
559,746
559,807
559,847
559,867
560,360
560,431
560,477
560,547
560,582
560,704
561,215
561,465
561,494
561,531
561,578
561,705
562,85
562,453
562,482
562,661
562,755
562,861
563,173
563,246
563,661
563,687
563,861
563,917
564,61
564,62
564,514
564,540
564,577
564,672
565,167
565,387
565,444
565,496
565,774
565,847
566,477
566,626
566,710
566,737
566,765
566,928
567,63
567,66
567,379
567,572
567,583
567,981
568,64
568,343
568,724
568,767
568,771
568,817
569,20
569,177
569,248
569,308
569,636
569,929
570,176
570,303
570,350
570,606
570,739
570,840
571,102
571,211
571,282
571,856
571,890
571,925
572,34
572,66
572,379
572,535
572,567
572,842
573,99
573,290
573,399
573,731
573,773
573,933
574,417
574,436
574,625
574,635
574,813
574,870
575,24
575,96
575,318
575,511
575,697
575,863
576,236
576,640
576,829
576,830
576,862
576,893
577,386
577,422
577,528
577,564
577,624
577,808
578,29
578,198
578,324
578,561
578,674
578,989
579,203
579,617
579,663
579,702
579,759
579,986
580,169
580,197
580,479
580,607
580,681
580,731
581,14
581,24
581,279
581,407
581,605
581,662
582,137
582,415
582,545
582,560
582,592
582,684
583,34
583,66
583,379
583,567
583,981
584,173
584,205
584,524
584,650
584,680
584,703
585,333
585,626
585,671
585,707
585,916
585,928
586,125
586,139
586,363
586,549
586,701
586,992
587,82
587,280
587,320
587,501
587,550
587,623
588,30
588,132
588,365
588,496
588,524
588,666
589,486
589,526
589,852
590,163
590,241
590,278
590,305
590,342
590,775
591,266
591,371
591,668
591,690
591,812
591,936
592,207
592,545
592,582
592,671
592,708
592,710
593,429
593,481
593,498
593,509
593,678
593,922
594,89
594,197
594,350
594,414
594,800
594,840
595,455
595,492
595,556
595,805
595,814
595,993
596,365
596,496
596,556
596,666
596,767
596,853
597,359
597,419
597,445
597,633
597,652
597,709
598,133
598,321
598,630
598,766
598,903
598,994
599,182
599,404
599,539
599,602
599,630
599,735
600,89
600,303
600,342
600,659
600,679
600,802
601,381
601,488
601,515
601,613
601,714
601,875
602,26
602,398
602,599
602,630
602,735
602,754
603,150
603,299
603,424
603,623
603,824
603,984
604,47
604,60
604,226
604,534
604,667
604,874
605,188
605,318
605,548
605,581
605,730
605,850
606,117
606,269
606,310
606,412
606,570
606,863
607,244
607,342
607,436
607,479
607,580
607,681
608,212
608,357
608,377
608,650
608,675
608,818
609,106
609,188
609,227
609,242
609,471
609,748
610,122
610,312
610,519
610,754
610,889
610,980
611,217
611,344
611,402
611,550
611,673
611,722
612,87
612,391
612,552
612,742
612,774
612,796
613,104
613,249
613,554
613,601
613,785
613,839
614,222
614,276
614,669
614,717
614,794
614,898
615,301
615,456
615,461
615,555
615,848
615,907
616,171
616,371
616,768
616,825
616,827
616,996
617,183
617,222
617,299
617,579
617,824
617,986
618,197
618,422
618,542
618,773
618,789
618,891
619,204
619,358
619,411
619,634
619,764
619,822
620,76
620,80
620,114
620,158
620,982
620,997
621,115
621,283
621,284
621,457
621,651
621,850
622,252
622,422
622,694
622,789
622,808
622,923
623,150
623,587
623,603
623,639
623,673
623,722
624,145
624,305
624,542
624,577
624,677
624,789
625,574
625,635
625,681
625,870
625,926
625,933
626,330
626,472
626,566
626,585
626,737
626,868
627,38
627,457
627,695
627,725
627,748
627,877
628,14
628,33
628,254
628,384
628,530
628,998
629,130
629,147
629,331
629,494
629,674
629,749
630,315
630,404
630,598
630,599
630,602
630,723
631,234
631,316
631,390
631,536
631,718
631,756
632,145
632,151
632,155
632,417
632,789
632,864
633,262
633,445
633,597
633,652
633,825
633,880
634,358
634,383
634,619
634,744
634,854
634,979
635,417
635,436
635,479
635,574
635,625
635,813
636,20
636,177
636,248
636,569
636,816
636,851
637,38
637,126
637,283
637,284
637,314
637,426
638,78
638,147
638,300
638,558
638,674
638,698
639,9
639,37
639,280
639,298
639,623
640,331
640,410
640,465
640,576
640,716
640,829
641,375
641,491
641,658
641,670
641,703
641,781
642,166
642,193
642,293
642,327
642,395
642,682
643,133
643,185
643,253
643,733
643,769
643,999
644,149
644,273
644,356
644,401
644,669
644,753
645,64
645,306
645,309
645,470
645,853
645,911
646,198
646,324
646,718
646,743
646,780
646,786
647,65
647,91
647,454
647,480
647,656
647,780
648,67
648,238
648,528
648,672
648,863
648,865
649,109
649,199
649,213
649,328
649,376
649,884
650,30
650,377
650,524
650,584
650,608
650,675
651,79
651,103
651,314
651,457
651,621
652,262
652,419
652,510
652,597
652,633
652,686
653,130
653,494
653,705
653,820
653,833
653,909
654,258
654,332
654,492
654,513
654,692
654,881
655,445
655,557
655,709
655,821
655,823
655,926
656,10
656,91
656,346
656,454
656,473
656,647
657,171
657,359
657,361
657,413
657,433
657,481
658,316
658,345
658,375
658,409
658,641
658,670
659,89
659,152
659,342
659,600
659,681
659,857
660,69
660,292
660,468
660,525
660,902
660,1000
661,173
661,453
661,482
661,562
661,563
661,917
662,48
662,187
662,265
662,581
662,730
662,979
663,47
663,203
663,424
663,527
663,579
663,916
664,213
664,328
664,446
664,514
664,526
664,905
665,170
665,259
665,685
665,706
665,745
665,998
666,71
666,343
666,435
666,496
666,588
666,596
667,604
667,671
667,710
667,747
667,874
667,928
668,267
668,591
668,732
668,783
668,788
668,904
669,37
669,149
669,614
669,644
669,717
669,753
670,375
670,377
670,524
670,641
670,658
670,703
671,333
671,477
671,585
671,592
671,667
671,763
672,61
672,62
672,514
672,564
672,648
672,876
673,150
673,214
673,521
673,611
673,623
673,898
674,331
674,430
674,578
674,629
674,638
674,989
675,146
675,212
675,377
675,491
675,608
675,650
676,65
676,452
676,518
677,145
677,260
677,414
677,546
677,624
677,711
678,335
678,456
678,509
678,593
678,855
678,899
679,99
679,176
679,269
679,600
679,802
679,933
680,90
680,205
680,584
680,767
680,853
680,937
681,479
681,580
681,607
681,625
681,659
681,731
682,31
682,232
682,274
682,518
682,520
682,642
683,186
683,458
683,472
683,552
683,868
683,912
684,360
684,477
684,547
684,582
684,763
684,791
685,144
685,170
685,665
685,688
685,695
685,804
686,11
686,348
686,369
686,652
686,825
686,834
687,140
687,337
687,563
687,792
687,844
687,917
688,144
688,170
688,223
688,247
688,284
688,685
689,83
689,168
689,239
689,334
689,420
689,759
690,139
690,186
690,266
690,591
690,812
690,860
691,2
691,191
691,344
692,124
692,196
692,504
692,508
692,543
692,654
693,365
693,391
693,713
693,750
693,757
693,901
694,67
694,153
694,245
694,622
694,923
694,924
695,170
695,259
695,471
695,627
695,685
695,745
696,96
696,188
696,291
696,318
696,511
696,924
697,111
697,174
697,244
697,394
697,511
697,575
698,110
698,327
698,447
698,638
698,820
698,937
699,220
699,264
699,287
699,427
699,474
699,855
700,370
700,535
700,538
700,751
700,769
700,787
701,125
701,139
701,229
701,586
701,836
701,992
702,119
702,239
702,261
702,579
702,761
702,790
703,205
703,491
703,584
703,641
703,670
703,771
704,137
704,248
704,335
704,560
704,866
704,874
705,130
705,430
705,561
705,653
705,820
705,989
706,227
706,411
706,665
706,804
706,819
706,998
707,330
707,333
707,458
707,585
707,737
707,916
708,401
708,424
708,545
708,551
708,592
708,859
709,348
709,366
709,419
709,597
709,655
709,869
710,118
710,207
710,566
710,592
710,667
710,747
711,243
711,260
711,294
711,305
711,546
711,677
712,33
712,101
712,223
712,283
712,314
712,725
713,74
713,365
713,391
713,693
713,796
713,901
714,169
714,601
714,793
714,845
714,888
714,931
715,225
715,364
715,503
715,541
715,719
715,886
716,236
716,396
716,438
716,476
716,544
716,640
717,222
717,276
717,521
717,614
717,669
717,794
718,388
718,405
718,527
718,536
718,631
718,646
719,63
719,393
719,459
719,541
719,715
719,721
720,287
720,434
720,546
720,785
720,803
720,907
721,63
721,485
721,541
721,719
721,734
721,914
722,280
722,402
722,505
722,550
722,611
722,623
723,26
723,250
723,398
723,630
723,842
723,903
724,292
724,468
724,533
724,568
724,781
724,837
725,223
725,247
725,314
725,627
725,712
725,828
726,19
726,22
726,25
726,383
726,411
726,915
727,111
727,163
727,374
727,408
727,412
727,918
728,32
728,286
728,319
728,349
728,499
728,739
729,449
729,531
729,760
729,776
729,815
729,913
730,68
730,407
730,605
730,662
730,764
730,850
731,244
731,399
731,488
731,573
731,580
731,681
732,668
732,788
732,836
732,900
732,904
732,919
733,315
733,321
733,643
733,766
733,817
733,937
734,503
734,535
734,721
734,903
734,914
734,934
735,26
735,98
735,425
735,539
735,599
735,602
736,5
736,11
736,59
736,199
736,373
736,758
737,330
737,566
737,626
737,707
737,752
737,874
738,55
738,415
738,532
738,816
738,827
738,866
739,32
739,499
739,512
739,570
739,728
739,843
740,459
740,512
740,772
740,843
740,895
740,897
741,22
741,40
741,254
741,408
741,464
741,918
742,87
742,385
742,612
742,807
742,867
742,900
743,198
743,324
743,480
743,646
743,786
743,862
744,94
744,263
744,383
744,384
744,634
744,979
745,101
745,170
745,326
745,665
745,695
745,819
746,444
746,559
746,774
746,783
746,867
746,904
747,141
747,361
747,667
747,710
747,763
747,912
748,13
748,101
748,397
748,609
748,627
748,877
749,159
749,346
749,367
749,517
749,629
749,909
750,102
750,211
750,282
750,306
750,516
750,693
751,55
751,370
751,532
751,538
751,700
751,787
752,360
752,477
752,737
752,763
752,765
752,874
753,184
753,217
753,273
753,644
753,669
753,925
754,26
754,398
754,400
754,539
754,602
754,610
755,85
755,173
755,228
755,435
755,562
755,861
756,201
756,230
756,316
756,345
756,416
756,631
757,272
757,306
757,391
757,516
757,693
757,901
758,5
758,11
758,59
758,191
758,373
758,736
759,83
759,168
759,334
759,420
759,579
759,689
760,189
760,449
760,729
760,770
760,882
760,913
761,47
761,239
761,302
761,498
761,702
761,790
762,128
762,285
762,325
762,392
762,502
762,799
763,361
763,671
763,684
763,747
763,752
763,765
764,106
764,338
764,423
764,619
764,730
764,822
765,360
765,477
765,566
765,752
765,763
765,899
766,185
766,251
766,321
766,484
766,598
766,733
767,435
767,496
767,568
767,596
767,680
767,853
768,266
768,277
768,616
768,806
768,834
768,894
769,122
769,538
769,643
769,700
769,787
769,934
770,42
770,189
770,270
770,760
770,913
770,983
771,205
771,246
771,441
771,568
771,703
771,781
772,287
772,554
772,740
772,897
772,907
772,931
773,99
773,573
773,618
773,800
773,803
773,933
774,435
774,552
774,565
774,612
774,746
774,796
775,117
775,269
775,303
775,350
775,590
775,802
776,441
776,729
776,830
776,844
776,879
776,913
777,486
777,540
777,779
777,795
777,798
777,852
778,277
778,495
778,791
778,806
778,894
778,906
779,446
779,526
779,777
779,798
779,852
779,869
780,232
780,480
780,520
780,544
780,646
780,647
781,316
781,322
781,527
781,641
781,724
781,771
782,208
782,261
782,322
782,345
782,487
782,537
783,444
783,668
783,746
783,807
783,867
783,904
784,175
784,258
784,309
784,455
784,814
784,911
785,121
785,249
785,554
785,613
785,720
785,897
786,198
786,324
786,452
786,646
786,743
786,995
787,431
787,700
787,751
787,769
787,892
787,899
788,44
788,267
788,380
788,668
788,732
788,978
789,241
789,252
789,618
789,622
789,624
789,632
790,322
790,333
790,497
790,534
790,702
790,761
791,177
791,360
791,547
791,684
791,778
791,806
792,140
792,246
792,362
792,441
792,500
792,687
793,99
793,161
793,440
793,714
793,888
793,931
794,150
794,214
794,222
794,521
794,614
794,717
795,446
795,486
795,526
795,540
795,777
795,798
796,74
796,306
796,612
796,713
796,774
796,911
797,35
797,48
797,75
797,426
797,548
797,828
798,366
798,403
798,540
798,777
798,779
798,795
799,762
799,830
799,832
799,844
799,879
799,893
800,176
800,399
800,483
800,594
800,773
800,875
801,295
801,361
801,413
801,557
801,891
801,935
802,252
802,269
802,342
802,600
802,679
802,775
803,463
803,720
803,773
803,831
803,845
803,895
804,136
804,170
804,204
804,283
804,685
804,706
805,44
805,107
805,329
805,341
805,595
805,988
806,429
806,768
806,778
806,791
806,894
806,906
807,444
807,559
807,742
807,783
807,919
808,131
808,245
808,305
808,577
808,622
808,865
809,59
809,70
809,353
809,834
809,872
809,896
810,36
810,178
810,854
810,998
811,152
811,414
811,451
811,857
811,864
811,927
812,186
812,195
812,229
812,591
812,690
812,936
813,451
813,557
813,574
813,635
813,846
813,871
814,64
814,406
814,455
814,462
814,595
814,784
815,42
815,215
815,289
815,325
815,531
815,729
816,20
816,532
816,636
816,738
816,827
816,996
817,568
817,733
817,821
817,919
817,937
817,999
818,127
818,212
818,357
818,537
818,608
818,856
819,108
819,227
819,259
819,706
819,745
819,998
820,327
820,653
820,698
820,705
820,837
820,910
821,557
821,655
821,817
821,823
821,846
821,872
822,40
822,94
822,218
822,437
822,619
822,764
823,557
823,655
823,821
823,846
823,872
823,996
824,222
824,317
824,603
824,617
824,859
824,902
825,262
825,616
825,633
825,686
825,872
825,896
826,132
826,146
826,272
826,339
826,365
827,359
827,616
827,738
827,816
827,922
827,996
828,187
828,263
828,423
828,548
828,725
828,797
829,123
829,410
829,447
829,576
829,640
829,878
830,128
830,418
830,576
830,776
830,799
830,893
831,381
831,440
831,463
831,515
831,803
831,875
832,313
832,323
832,450
832,799
832,893
832,913
833,327
833,494
833,529
833,653
833,837
833,878
834,369
834,445
834,686
834,768
834,809
834,872
835,67
835,863
835,865
835,920
835,924
836,523
836,701
836,732
836,860
836,936
836,992
837,292
837,525
837,529
837,724
837,820
837,833
838,112
838,180
838,340
838,409
838,416
838,522
839,92
839,104
839,249
839,290
839,443
839,613
840,99
840,350
840,399
840,483
840,570
840,594
841,231
841,264
841,370
841,439
841,532
841,866
842,156
842,475
842,572
842,723
842,903
842,934
843,319
843,459
843,512
843,739
843,740
843,914
844,441
844,687
844,776
844,799
844,849
844,917
845,381
845,515
845,714
845,803
845,888
845,931
846,451
846,813
846,821
846,823
846,927
846,935
847,167
847,387
847,556
847,559
847,565
847,911
848,129
848,427
848,461
848,615
848,864
848,907
849,90
849,140
849,441
849,844
849,879
849,932
850,1
850,8
850,265
850,605
850,621
850,730
851,177
851,248
851,308
851,478
851,636
851,906
852,486
852,589
852,777
852,779
852,883
852,935
853,365
853,596
853,645
853,680
853,767
853,937
854,144
854,178
854,259
854,471
854,634
854,810
855,97
855,164
855,461
855,678
855,699
855,908
856,102
856,212
856,357
856,571
856,818
856,925
857,117
857,244
857,269
857,659
857,811
857,927
858,308
858,466
858,493
858,880
858,922
858,929
859,183
859,299
859,424
859,708
859,824
859,984
860,87
860,307
860,385
860,523
860,690
860,836
861,228
861,246
861,453
861,562
861,563
861,755
862,236
862,438
862,576
862,743
862,893
862,932
863,394
863,528
863,575
863,606
863,648
863,835
864,155
864,243
864,417
864,632
864,811
864,848
865,432
865,648
865,808
865,835
865,923
865,930
866,335
866,431
866,704
866,738
866,841
866,996
867,559
867,742
867,746
867,783
867,868
867,904
868,330
868,472
868,626
868,683
868,867
868,912
869,5
869,366
869,709
869,779
869,873
869,926
870,244
870,574
870,625
870,883
870,920
870,927
871,451
871,813
871,883
871,891
871,920
871,935
872,266
872,809
872,821
872,823
872,825
872,834
873,301
873,403
873,446
873,456
873,869
873,908
874,177
874,604
874,667
874,704
874,737
874,752
875,161
875,399
875,483
875,601
875,800
875,831
876,131
876,432
876,672
876,891
876,905
876,930
877,108
877,227
877,426
877,627
877,748
877,887
878,110
878,275
878,829
878,833
878,909
878,910
879,285
879,323
879,392
879,776
879,799
879,849
880,59
880,466
880,495
880,510
880,633
880,858
881,71
881,297
881,462
881,513
881,556
881,654
882,190
882,196
882,311
882,502
882,760
882,917
883,852
883,870
883,871
883,920
883,930
883,935
884,109
884,213
884,432
884,649
884,905
884,923
885,382
885,396
885,416
885,476
885,522
885,932
886,225
886,400
886,519
886,535
886,541
886,715
887,188
887,284
887,314
887,397
887,457
887,877
888,488
888,714
888,793
888,845
888,931
888,933
889,122
889,183
889,312
889,538
889,610
889,984
890,119
890,239
890,261
890,571
890,916
890,925
891,542
891,618
891,801
891,871
891,876
891,935
892,105
892,164
892,461
892,787
892,907
892,931
893,271
893,576
893,799
893,830
893,832
893,862
894,277
894,466
894,495
894,768
894,778
894,806
895,440
895,463
895,483
895,515
895,740
895,803
896,5
896,353
896,809
896,825
896,922
896,929
897,294
897,474
897,740
897,772
897,785
897,907
898,149
898,344
898,355
898,356
898,614
898,673
899,105
899,484
899,678
899,765
899,787
899,908
900,307
900,385
900,523
900,732
900,742
900,919
901,113
901,272
901,339
901,693
901,713
901,757
902,208
902,405
902,487
902,497
902,660
902,824
903,398
903,535
903,598
903,723
903,734
903,842
904,444
904,668
904,732
904,746
904,783
904,867
905,213
905,664
905,876
905,884
905,923
905,930
906,429
906,433
906,493
906,778
906,806
906,851
907,615
907,720
907,772
907,848
907,892
907,897
908,97
908,105
908,456
908,855
908,873
908,899
909,159
909,198
909,442
909,653
909,749
909,878
910,110
910,148
910,494
910,529
910,820
910,878
911,385
911,470
911,645
911,784
911,796
911,847
912,141
912,458
912,472
912,683
912,747
912,868
913,450
913,729
913,760
913,770
913,776
913,832
914,286
914,319
914,349
914,721
914,734
914,843
915,25
915,72
915,240
915,254
915,530
915,726
916,282
916,458
916,585
916,663
916,707
916,890
917,311
917,563
917,661
917,687
917,844
917,882
918,163
918,408
918,464
918,553
918,727
918,741
919,307
919,523
919,732
919,807
919,817
919,900
920,835
920,870
920,871
920,883
920,924
921,36
921,79
921,103
921,188
921,284
921,490
922,58
922,498
922,593
922,827
922,858
922,896
923,376
923,622
923,694
923,865
923,884
923,905
924,245
924,394
924,694
924,696
924,835
924,920
925,534
925,537
925,571
925,753
925,856
925,890
926,11
926,199
926,373
926,625
926,655
926,869
927,238
927,451
927,811
927,846
927,857
927,870
928,333
928,472
928,534
928,566
928,585
928,667
929,58
929,493
929,498
929,569
929,858
929,896
930,142
930,348
930,865
930,876
930,883
930,905
931,714
931,772
931,793
931,845
931,888
931,892
932,90
932,313
932,382
932,849
932,862
932,885
933,301
933,573
933,625
933,679
933,773
933,888
934,475
934,485
934,535
934,734
934,769
934,842
935,801
935,846
935,852
935,871
935,883
935,891
936,186
936,229
936,363
936,591
936,812
936,836
937,680
937,698
937,733
937,817
937,853
937,999
978,4
978,44
978,267
978,281
978,552
978,788
979,22
979,216
979,411
979,634
979,662
979,744
980,23
980,54
980,312
980,351
980,519
980,610
981,28
981,66
981,379
981,567
981,583
982,158
982,181
982,325
982,392
982,543
982,620
983,160
983,770
984,183
984,299
984,401
984,603
984,859
984,889
985,92
985,117
985,200
985,233
985,310
985,428
986,183
986,203
986,302
986,521
986,579
986,617
987,6
987,77
987,134
987,157
987,165
987,274
988,107
988,341
988,805
989,354
989,378
989,430
989,578
989,674
989,705
990,128
990,160
990,418
990,450
991,6
991,10
991,77
991,134
991,165
991,517
992,139
992,186
992,549
992,586
992,701
992,836
993,595
994,37
994,49
994,191
994,598
995,166
995,180
995,193
995,296
995,522
995,786
996,312
996,616
996,816
996,823
996,827
996,866
997,44
997,76
997,107
997,158
997,543
997,620
998,178
998,628
998,665
998,706
998,810
998,819
999,292
999,643
999,817
999,937
1000,51
1000,81
1000,191
1000,214
1000,276
1000,660
